event_id,detector_position_x,detector_position_y,detector_position_z,time_of_event,mass,velocity,SNR,overlapping_signal_flag,recoil_type,S1,S2,recoil_energy,pulse_shape_detectors,particle_type,event_category
1,-596.0024115207827,381.9814419554434,315.55795955057056,591.9884,6.005895676127229e-25,528486.8519079348,18.524374308113234,1.0,ER,73.40160307432029,,39.143444522878745,0.5130733372502208,electron,WIMP LIKE
2,486.18099140564277,-673.1041205021413,89.89320666627509,,5.704565681083385e-25,519461.04551003873,3.7692646077750913,1.0,ER,6.182343662653677,1.9472184301987494,38.536759020652894,0.4667828297983394,,WIMP LIKE
3,466.1154102007322,,-422.44741469582743,565.9612,7.097183782848803e-25,636188.7349378662,66.52834824031572,1.0,NR,55.10811033292637,0.3827518116503503,43.39745432989727,0.3933246505212359,alpha,WIMP LIKE
4,-999.8737622770366,300.8314516668088,175.53761056029566,,2.6230893528070067e-26,,61.43259913647301,,ER,38.990288440090936,46.42012322829068,44.15663397415765,0.7124287298861622,,WIMP LIKE
5,885.720253173622,123.49351148718347,-718.2319968628306,769.8564,2.7965828411592423e-25,997314.3419540917,30.77465851464536,0.0,ER,19.88392449735231,22.30982015778602,7.669138047779783,0.059090394576464145,muon,WIMP LIKE
